Kode,KodeSupplier,Nama,Harga,Satuan,Barcode
1000,4,MR SABUN MUTIARA 85 GR,13406.25,PCS  ,8.99515E+12
1003,40,SOKLIN SMART WHITE 800,17250,DOS  ,8.99887E+12
1004,31,NIVEA FAC SCRUB 100 GR,14113.75,PCS  ,8.99978E+12
1005,31,NIVEA GENTLE FAC.WASH 100,15682.5,PCS  ,8.99978E+12
1006,131,NIVEA GENTLE FCL SCRUB 40,6118.75,PCS  ,8.99978E+12
1010,19,DELFI BRIKO VAN 125 GR,6270,PCS  ,8.991E+12
1020,19,SELAMAT WFR CHOCO 198,6270,PCS  ,8.991E+12
1026,40,NUVO REFF KUNING/GOLD 250,7115,PCS  ,8.99887E+12
1027,40,NUVO REFF HIJAU 250,7187.5,PCS  ,8.99887E+12
1028,40,NUVO FAMILY MERAH   80G,1281.25,PCS  ,8.99887E+12
1029,40,NUVO FAMILY BIRU   80GR,1393.75,PCS  ,8.99887E+12
1030,40,NUVO FAMILY KNG 80GR,1393.75,PCS  ,8.99887E+12
1031,40,NUVO FAMILY HIJAU  80GR,1281.25,PCS  ,8.99887E+12
1032,40,SOKLIN SMART COLOUR SASET,2971.25,PCS  ,9E+12
1034,40,NUVO REFF MERAH 250ML,7187.5,PCS  ,8.99887E+12
1035,40,NUVO REFF PUTIH 250,7115,PCS  ,8.99887E+12
1037,40,BOOM JERUK NIPIS 1 KG,5625,PCS  ,9E+12
1038,40,NUVO FAMILY COOL,1393.75,PCS  ,8.99887E+12
1040,112,SEPATU GHEST 0901,10875,PCS  ,104
1041,A110      ,ROMA SARI GANDUM ROLL 149,3951.25,DOS  ,8.996E+12
1042,167,IMPERIAL BW ERIG  250,11825,PCS  ,9E+12
1046,174,DAHLIA REF CF ALL VAR K-241,10057.5,PCS  ,8.88601E+12
1051,A0015     ,MUKENA AL MADINAH TERUSAN,6460,PCS  ,                    
1056,172,HIT AER EXPERT BLOOM TEA 225,1082.5,PCS  ,8.99275E+12
1057,112,SEPATU KITANO KN,1662.5,PCS  ,1057
1059,2,SERENA EGG ROLL CHOCO55,9013.75,PCS  ,8.88817E+12
1060,40,FRES SB ORANGE 80,1300,PCS  ,8.99887E+12
108,54,MR.P KCG MADU R.25,1098.75,PACK ,8.99271E+12
1080,51,SHINZU`I HANA 90,2763.75,PCS  ,8.99295E+12
1081,51,SHINZU`I KIREI 90,2763.75,PCS  ,8.99295E+12
109,54,MR.P KCG BALADO R. 20,1098.75,PACK ,8.99271E+12
110,2,MONA KOPYOR,4562.5,DOS  ,8.88817E+12
1100,174,SEAGULL NAPTH 25 G/ SG-519/P,1150,PACK ,8.88601E+12
1102,A0110     ,CUSSONS B LOT FRESH&NOUR 200,1087.5,PCS  ,8.9981E+12
1104,40,SOKLIN MATIC FRONT LOAD 1KG,20000,DOS  ,8.99887E+12
1105,40,SOKLIN PRO/ POWER 900,15625,DOS  ,8.99887E+12
1106,40,SOKLIN HIGINIS 900,15625,DOS  ,8.99887E+12
1107,40,SOKLIN MATIC FRONT LOAD 2KG,39750,DOS  ,8.99887E+12
1108,40,SOKLIN PRO 320 GR,4487.5,PCS  ,8.99887E+12
1109,40,SOKLIN HIGINIS 380,4487.5,PCS  ,8.99887E+12
111,19,DELFI TWISTER M CKT 80,3891.25,PCS  ,8.991E+12
1110,40,SOKLIN HIGIENIS 6X29,2260,PCS  ,8.99887E+12
1111,A0111     ,TELUR AYAM NEGERI ISI 10,2260,PCS  ,1111
1112,172,POLYTEX SABUT SPON EXT,2385,PCS  ,8.99274E+12
1114,40,SOKLIN SOFTERGENT PINK 800,15625,DOS  ,8.99887E+12
1116,40,SOKLIN POWER 60 GR,1031.25,PCS  ,1116
112,19,BISA KHUSUS,2137.5,DOS  ,112
1120,40,SOKLIN SMART COLOUR 800,18000,DOS  ,8.99887E+12
1121,40,SOKLIN SMART CLEAN SASET,2971.25,PCS  ,8.99887E+12
113,19,CERES HGL CLASSIC 90,5747.5,PACK ,8.991E+12
114,19,CERES HGL FESTIVE 90,3327.5,PACK ,8.991E+12
1146,51,BUKRIM DET SAC 6X40G,2500,PCS  ,8.99334E+12
1147,51,SHINZU`I FACIAL WASH 40,6160,PCS  ,8.99295E+12
1149,51,SHINZU`I SAKURA 90,2763.75,PCS  ,8.99295E+12
115,19,DELFI CHA CHA WARNA 30,1870,BOX  ,8.991E+12
1150,19,OLAY BD WASH EXTSENSI 354,32051.25,PCS  ,9E+12
1152,40,WINGS BIRU 1/4 POT,1580,PCS  ,8.99887E+12
1153,40,WINGS WB900P POT,4458.75,PCS  ,8.99887E+12
1154,40,WINGS BIRU 1/2 POT,3125,PCS  ,8.99887E+12
1155,40,WINGS BIRU 500 K 209G,2250,DOS  ,8.99887E+12
1156,40,WINGS BIRU WB900 / 540GR,5450,DOS  ,8.99887E+12
1157,40,WINGS PORC HIJAU BTL 400,27031.25,PCS  ,8.99887E+12
1159,31,RESIK-V 90 SIRIH,5000,PCS  ,8.99342E+12
116,A0002     ,TURBO JAGUNG SAPI PANGG 75,2203.75,PCS  ,8.99317E+12
1160,51,SHINZU`I MYORI 90,2763.75,PCS  ,8.99887E+12
1162,172,HIT AER EXPERT BLOOM TEA 600,572.5,PCS  ,8.99275E+12
1163,16,FINNA DUA MENARA 1 KG,10175,PCS  ,8.99182E+12
1165,A0012     ,KWACI RE-BO GREEN TEA 150,8312.5,PCS  ,8.99511E+12
1166,67,L`AGIE GOODDAY PANDAN,12093.75,PCS  ,8.99296E+12
117,54,MR.P KCG MENTE MADU 40,5701.25,PCS  ,8.99271E+12
1173,A0098     ,WRD EXCL MATTE LIP C 05 4GR,1253.75,PCS  ,8.99314E+12
118,54,MR.P KCG MENTE ASIN 40,5701.25,PCS  ,8.99271E+12
1180,158,TIM TAM SMALL WFR 11,5500,PCS  ,8.88602E+12
1185,90,ALKALINE LR-03 (ISI 2),7936.25,LSN  ,8.88602E+12
1187,90,BATERAI ABC TGG R-14 ISI 2,1910,PCS  ,8.88602E+12
1188,A0034     ,EVEREADY BSR 1050 SW2 - 2S,6802.5,PCS  ,8.999E+12
1189,A0034     ,EVEREADY A2 MRH 4`S/1015,2857.5,PCS  ,8.999E+12
119,A0002     ,SIMBA RILLAS BAG 50,3725,PCS  ,8.99317E+12
1191,A0049     ,TURBO JAGUNG SWEET SPICY,2203.75,PCS  ,8.99317E+12
1193,90,BATERAI ABC BESAR R-20_1`S,3500,PCS  ,3333333333
1194,90,BATERAI ABC KECIL R-6,1450,LSN  ,8.88602E+12
1197,A0012     ,PIATOS DUO DGG BKR-NORI 506,1196.25,PCS  ,8.9962E+12
120,A0002     ,SIMBA TUFFIS COKLAT 50,3253.75,PCS  ,8.99317E+12
1202,185,SIDO MULIA KOPI KNG 250,11875,KG   ,1202
1203,26,SAMPOERNA MILD MENTOL 12,5375,PCS  ,8.99991E+12
1204,26,DJISAMSOE SUP PREM REF 12,13578.75,SLOP ,8.99991E+12
1205,27,PALL MALL LIGHT MENTOL,5562.5,SLOP ,8.99479E+12
1206,131,JELYGAR JERUK,2083.75,PCS  ,8.99402E+12
1207,31,OVALE FACE PAPER 100 LBR,3731.25,PCS  ,8.99342E+12
1208,173,KEPALA JENGGOT TEH 40G,1375,PCS  ,8.9928E+12
1209,19,HELLO PANDA ALL VARIANT 12 G,1310,BOX  ,8.9945E+12
1210,A0110     ,CUSSONS KIDS SHP B&S 100ML,4008.75,PCS  ,8.9981E+12
122,54,MR.P KACANG MENTE ASIN 80,12552.5,PCS  ,8.99271E+12
1220,194,ABC WHITE COFFEE INSTAN 5+1,2552.5,DOS  ,8.991E+12
1221,19,ABC CAPUCINI COFFE CR,2552.5,PCS  ,7.11844E+11
1222,19,ABC CAPUCINI CHOCOLATE 200,2552.5,PCS  ,7.11844E+11
1226,19,ABC SPC G SUSU 625 ML,12553.75,DOS  ,7.11844E+11
1228,12,SOSRO GREEN TEA MD LMN200,1901.25,PCS  ,8.99601E+12
1229,A0106     ,ABC JUICE SIRSAK 250ML,3157.5,DOS  ,7.11844E+11
1230,A0106     ,ABC JUICE SLIM APPLE 250,3172.5,PCS  ,7.11844E+11
1231,A0106     ,ABC JUICE SLIM JAMBU 250,3172.5,PCS  ,7.11844E+11
1232,A0106     ,ABC JUICE SLIM LYCHE 250,3157.5,PCS  ,7.11844E+11
1233,A0106     ,ABC JUICE SLIM MGG 250ML,3172.5,PCS  ,7.11844E+11
1234,A0106     ,ABC JUICE SLIM ORG 250ML,3157.5,PCS  ,7.11844E+11
1235,A0106     ,ABC KC HIJAU 200ML KHKS,2080,DOS  ,7.11844E+11
1236,A0106     ,ABC KC HIJAU 250 KHBS,2541.25,DOS  ,7.11844E+11
1237,A0098     ,WRD EXCL MATTE LIP C 11 4GR,1253.75,PCS  ,8.99314E+12
124,176,GERY WFR CREAM CKT 80,2303.75,PCS  ,8.99278E+12
1242,A0106     ,ABC SARI ASAM/TAMARIND 250,3078.75,DOS  ,7.11844E+11
1244,19,ABC SQUASH LYCHEE 580,9752.5,DOS  ,7.11844E+11
1245,19,ABC SQUASH MANGGA 580,9752.5,DOS  ,7.11844E+11
1246,19,ABC SQUASH ORANGE 580 ML,9752.5,DOS  ,7.11844E+11
1247,19,ABC SQUASH PINEAPPLE 580,9781.25,DOS  ,7.11844E+11
125,A0002     ,SIMBA TUFFIS COKLAT BAG 20,1363.75,PCS  ,8.99317E+12
1250,19,ABC SQUASH SIRSAK 585,9752.5,PCS  ,7.11844E+11
1253,19,ABC SPC G COCOPANDAN 585,13161.25,DOS  ,7.11844E+11
1254,19,ABC SPC G FRAMBOZE 600,12095,DOS  ,7.11844E+11
1255,19,ABC SPC G MELON 585,13132.5,DOS  ,7.11844E+11
1258,19,ABC SPC G MOCCA 600,13161.25,DOS  ,7.11844E+11
126,176,GERY WFR COKLAT ROOL 45,1938.75,PCS  ,0
1260,69,FANTA ROYAL CAN ANGGUR 330,3947.5,DOS  ,8.99276E+12
1264,7,CLUB GELAS BESAR 48 X 250 ML,14187.5,DOS  ,1264
1265,7,CLUB GELAS MINI 48 X 150 ML,3720,DOS  ,1265
1268,3,AQUA 1500 ML,2672.5,DOS  ,8.88601E+12
1269,3,AQUA 330 ML,1056.25,DOS  ,8.88601E+12
127,A0049     ,SIMBA CHOCO CHIP 55,3725,PCS  ,8.99274E+12
1270,31,MULTI MP-08 SP 1000GR,366.25,PCS  ,8.99293E+12
1271,A0049     ,RICHOCO AHH 50G,6066.25,PCS  ,8.99318E+12
1276,19,BENDERA UHT MILKY CHOCO 180,2275,PCS  ,8.99275E+12
1278,19,BENDERA UHT MILKY STROW 180,2275,PCS  ,8.99275E+12
1279,19,BENDERA UHT MINI CKT 115,1875,PCS  ,8.99275E+12
1281,19,ABC KEDELAI MILK BANTAL,1180,DOS  ,7.11844E+11
1283,112,MUKENA QUBBAH MEDINA POLOS,5000,PCS  ,1283
1285,71,KARA SARI KLP CCPDN 360,3231.25,PCS  ,8.99271E+12
1286,A0094     ,NU GREEN TEA LESS SUGAR 500,3500,DOS  ,8.99239E+12
1287,19,NU GREEN TEA HONEY 500,3500,DOS  ,8.99239E+12
1289,207,HOTIN CREAM ARMTHRP BTL 120M,3625,PCS  ,8.99702E+12
129,A0110     ,CUSSONS LOTION F&N  100ML,500,PCS  ,8.9981E+12
1294,207,HOTIN CREM ARMTHRP TUBE 60ML,2406.25,PCS  ,8.99702E+12
1297,43,CALPICO WATER STRW 200 ML,2406.25,PCS  ,8.99271E+12
1298,43,CALPICO WATER WHITE 200,2406.25,PCS  ,8.99271E+12
1299,19,NU JUV ORANGE CITROEN 500 ML,3937.5,PCS  ,8.99239E+12
1300,4,COCA-COLA 1.5 LT,11125,PCS  ,8.99276E+12
1301,69,COCA-COLA CAN 330 ML,3947.5,PCS  ,8.99276E+12
1302,46,INDOCAFE COFFEMIX JAHE 30`S,3906.25,PACK ,9.31193E+12
1303,187,WISMILAK DIPLOMAT 16,12323.75,SLOP ,8.99421E+12
1305,46,INDOCAFE COFFEMIX 30 X 20G,23773.75,DOS  ,9.31193E+12
1308,A0030     ,ENERGEN CHOCO BAG 10,10468.75,DOS  ,8.996E+12
1310,A0030     ,ENERGEN COKLAT 5X29G,975,DOS  ,8.996E+12
1311,194,ENERGEN VANILLA BOX,5495,PCS  ,8.886E+12
1312,167,POP ICE MANGGA BOX,4445,PCS  ,8.99801E+12
1313,112,MUKENA AMIE S,3652.5,PCS  ,                    
1315,112,SAJADAH KECIL INTEKSA,3652.5,PCS  ,                    
1318,19,REJOICE SHP ANTI FRIZZ 170,8125,PCS  ,4.90243E+12
1319,71,EXTRA JOSS 6`S ACTIVE,4675,PCS  ,8.99306E+12
1320,19,REJOICE SHP ANTI FRIZZ 90,6066.25,PCS  ,4.90243E+12
1321,19,REJOICE SHP AF 5.5MLX6,3541.25,STR  ,4.90243E+12
1323,69,FANTA ROYAL CAN JERUK 330,2968.75,DOS  ,8.99276E+12
1324,4,FANTA STRAW 1.5 PET,10937.5,PCS  ,8.99276E+12
1325,69,FANTA STRAW CAN 330ML,3947.5,PCS  ,8.99276E+12
133,158,TORABIKA CREAMY LATTE PROMO,7500,PCS  ,8.99867E+12
1330,69,FRUIT TEA LEMON 200 ML,1615,PCS  ,8.99601E+12
1331,12,FRUIT TEA STRAWBERRY 318,2916.25,PCS  ,8.99601E+12
1332,12,FRUIT TEA ORANGE 200ML,1615,PCS  ,8.99601E+12
1335,8,AGRO SARI JERUK 500,3486.25,PCS  ,8.99518E+12
1336,112,SEPATU CALPICO,2067.5,PCS  ,1336
1337,4,SEPATU ARDILES QUANTUM,2067.5,PCS  ,1337
1338,112,SEPATU PRECISE BRAVO/SKY A,2067.5,PCS  ,1338
1342,46,INDOCAFE CAPUCINO 15,14875,PCS  ,9.31193E+12
1343,46,INDOCAFE CAPUCINO 50S,47368.75,PCS  ,9.31193E+12
1344,46,INDOCAFE CAPUCINO 25 GR,1172.5,PACK ,9.31193E+12
1345,46,INDOCAFE CAPUCINO KTK 5X25G,6916.25,PCS  ,9.31193E+12
1346,46,INDOCAFE TRI HAPPINESS KTK 5,7081.25,PCS  ,9.31193E+12
1347,46,INDOCAFE COFFEMIX BAG 15``S,10216.25,PCS  ,9.31193E+12
1348,46,INDOCAFE COFFEMIX 5X20GR SAC,3858.75,DOS  ,9.31193E+12
1349,46,INDOCAFE COFFEMIX GSN 5,9843.75,PCS  ,9.31193E+12
135,176,GERY WFR STIK COKLAT 45,1938.75,PCS  ,8.99278E+12
1350,46,INDOCAFE COFFEMIX JAHE 5,5031.25,PCS  ,9.31193E+12
1351,46,INDOCAFE FB 100 BTL,14423.75,PCS  ,9.31193E+12
1352,46,INDOCAFE FB 50 GELAS,7768.75,PCS  ,9.31193E+12
1354,71,EXTRA JOSS X  FIT TMD JAHE,2687.5,PCS  ,8.99306E+12
1356,46,INDOCAFE OB 180 G,20707.5,PCS  ,9.31193E+12
1358,46,INDOCAFE OB 50G BTL,9473.75,PCS  ,9.31193E+12
1359,46,INDOCAFE OB 100G BTL,13312.5,PCS  ,9.31193E+12
136,7,TIM TAM WFR ORANGE 100,6392.5,PCS  ,9.55607E+12
1360,46,INDOCAFE FB REF 100G,12622.5,PCS  ,9.31193E+12
1361,12,SOSRO GREEN TEA KY MNS 20,1901.25,PCS  ,8.99601E+12
1362,46,INDOCAFE SPC SET 150,12031.25,PCS  ,9.31193E+12
1364,46,INDOCAFE COFFEMIX KTK 5``S,4193.75,PCS  ,9.31193E+12
1365,46,INDOCAFE CREAMER 200 BTL,7906.25,PCS  ,9.31193E+12
1370,131,MR KUNIR ASAM,2500,DOS  ,8.99301E+12
1379,3,NESTLE CERELAC BM/KHIJAU 80,13500,PCS  ,8.9927E+12
1380,90,KRATINGDAENG REG.BTL 150M,3187.5,PCS  ,8.88606E+12
1382,174,DAHLIA WITH CASE K-23,10990,PCS  ,8.88601E+12
1385,112,TAS SPORTY,1093.75,PCS  ,1385
1387,172,MITU B SABUN MANDI BTL 200,10988.75,PCS  ,1387
1388,9,LEO SYRUP ALL VAR 650 ML,10990,PCS  ,1388
1389,172,MITU B SABUN MANDI REF.200ML,10990,PCS  ,8.99275E+12
139,19,DELFI TAKE IT WFR 34,2598.75,PCS  ,8.991E+12
1390,8,AGRO SARI STROW 500,56857.5,PCS  ,8.99518E+12
1392,208,M-150 ENERGY DRINK 150ML,2900,PCS  ,8.85112E+12
1393,46,MAX CREAMER 50X3 GR,10381.25,PCS  ,9.31193E+12
1394,12,FRUIT TEA FUSION 200,1615,PCS  ,8.99601E+12
1396,12,FRUIT TEA MELON,1432.5,PCS  ,8.99601E+12
1397,207,HOTIN CREAM ARMTHRP BTL 60ML,2406.25,PCS  ,8.99702E+12
140,19,DELFI TAKE IT BISKUIT 38,2598.75,PCS  ,8.991E+12
1400,175,NATURADE GOLD,5887.5,PCS  ,8.99277E+12
1410,46,MAX CREAMER 200 GR BTL,8923.75,PCS  ,9.31193E+12
1412,46,MAX CREAMER 500 GR DUS,17490,DOS  ,9.31193E+12
1413,46,MAX TEA LEMON TEA KTK 5`S,3630,PCS  ,9.31193E+12
1414,90,KRATIDAENG LOW SUGAR,3023.75,PCS  ,8.88606E+12
1415,46,MAX CREAMER TOPLES 280,10161.25,PCS  ,9.31193E+12
1424,19,PANTENE SHP A. LEPEK 70ML,3652.5,PCS  ,4.90243E+12
1425,40,SUKSESS MIE GRG AYAM KCP,4791.25,DOS  ,8.99887E+12
1426,19,REJOICE COND. P.SMOOTH 170ML,2970,PCS  ,4.90243E+12
1427,19,REJOICE SHP P.FRESH 170 ML ,3652.5,PCS  ,4.90243E+12
1428,176,CHOCOLATOS MATCHA DRINK10X28,9896.25,DOS  ,8.99278E+12
143,176,GARUDA KCG KULIT BWG 90,3500,PCS  ,8.99278E+12
1430,112,BABYDOLL AMRO 1E,2523.75,PCS  ,1430
1431,112,BABYDOLL ANNE CLAIRE 1E,2523.75,PCS  ,                    
1432,19,REJOICE SHP P.SMOOTH 170 ML,2523.75,PCS  ,4.90243E+12
1436,12,FRUIT TEA X-TREME 200,1615,PCS  ,8.99601E+12
1438,12,FRUIT TEA BLAST 200,1615,PCS  ,8.99601E+12
1439,217,KACANG OVEN UWENAK 200,4791.25,PCS  ,1439
144,103,BISKUAT SUSU 160,5001.25,PCS  ,8.99272E+12
1440,131,MR SLEEMING TEA 15`S,13100,PCS  ,8.99515E+12
1441,131,MR SLEEMING TEA BESAR,23100,PCS  ,8.99515E+12
1443,3,NESCAFE 3/1 CREME 25X16GR,21263.75,PCS  ,8.9927E+12
1448,175,INACO NATA SELASIH CUP ST200,3258.75,PCS  ,8.99273E+12
1450,176,NUTRI TEA APEL,6600,PCS  ,7.49921E+11
1451,176,NUTRI TEA LEMON,6600,PCS  ,7.49921E+11
1454,176,HORE MANGGA,2067.5,PCS  ,7.49921E+11
146,176,GERY KRAKER BERAS KEJU,7500,PCS  ,8.99278E+12
1462,176,NUTRISARI JRK KP 175 PCH,7515,PCS  ,7.49921E+11
1467,176,NUTRISARI POUCH 175 MANIS,7515,PCS  ,7.49921E+11
1468,176,NUTRISARIJRK NP 175 PCH,7515,PCS  ,7.49921E+11
1483,179,SOSRO CELUP BLACK TEA,4687.5,SLOP ,8.88601E+12
1484,179,SOSRO CELUP HIJAU 25,5500,SLOP ,8.88601E+12
1485,105,CALPICO MINI STRAW BTL 90,1250,PCS  ,8.99271E+12
1486,179,SOSRO CELUP MERAH 15,2000,SLOP ,8.88601E+12
1487,179,SOSRO CELUP MERAH 30`S,3437.5,SLOP ,8.88601E+12
1488,179,SOSRO CELUP MERAH 50,5937.5,SLOP ,8.88601E+12
149,19,DELFI CHACHA MINI CHOCO 30,1870,BOX  ,8.991E+12
1490,A0110     ,CB MILK BATH SOFT&SMOOTH 400,2625,PCS  ,8.9981E+12
1496,69,SPRITE 1.5LT PET,11125,PCS  ,8.99276E+12
1497,69,SPRITE CAN 330 ML,3947.5,PCS  ,8.99276E+12
1499,194,GOOD DAY CAPPU GRANUL 25,3802.5,RTG  ,8.991E+12
1504,170,FRUTANG ASAM JAWA,715,PCS  ,8.99278E+12
1505,188,ULTRA SARI ASEM ASLI 250,3500,DOS  ,8.99801E+12
1506,A0098     ,WRD SEAWEED BALANCING FW 100,2812.5,PCS  ,8.99314E+12
1507,181,TEH GOPEK,1511.25,PCS  ,8.99278E+12
1508,211,LILIN PMP/MEJA 12 S,21263.75,PCS  ,1508
151,19,DELFI CHACHA PEANUT 80,4785,BOX  ,8.991E+12
1510,8,AGRO SARI SIRSAT 500,3486.25,PCS  ,8.99518E+12
1511,69,SPRITE 500,4791.25,PCS  ,8.99351E+12
1514,A0030     ,TORABIKA 3IN1 5X20GR,587.5,DOS  ,8.99867E+12
1515,158,TORABIKA 3 IN 1 BOX,4088.75,PCS  ,8.886E+12
1517,A0030     ,TORABIKA CAPPUCCINO 25G,968.75,DOS  ,8.996E+12
1518,12,FRUIT TEA KLG BLACK,2916.25,PCS  ,8.99601E+12
152,19,DELFI CHACHA PEANUT WRN 60 G,4785,BOX  ,8.991E+12
1520,158,TORA CAFE VOLCANO 10X28G,5052.5,DOS  ,8.99867E+12
1521,12,FRUIT TEA KLG BLAST,2916.25,PCS  ,8.99601E+12
1522,12,FRUIT TEA KLG MELON,2603.75,PCS  ,8.99601E+12
1526,A0030     ,TORABIKA DUO 5X25G,3575,DOS  ,8.996E+12
1527,A0098     ,WRD EXCL MATTE LIP C 09 4GR,2061.25,PCS  ,8.99314E+12
1538,158,ADEM SARI DUS 6`S,6228.75,BOX  ,8.99277E+12
1539,158,VEGETA ORANGE DUS,3281.25,BOX  ,8.99277E+12
154,19,DELFI TAKE IT WAFER 17G,1251.25,PCS  ,8.991E+12
1540,71,EXTRA JOSS-LG,4500,PCS  ,8.99306E+12
1541,A0030     ,ENERGEN KCG HIJAU BAG 10,9843.75,DOS  ,8.996E+12
1543,122,HEMAVITON HEALTH DRINK,2812.5,PCS  ,8.99991E+12
1544,A0030     ,ENERGEN VANILA BAG 10,10468.75,DOS  ,8.996E+12
1548,A0049     ,RICHEESE AHH 50G,4031.25,PCS  ,8.99318E+12
155,19,DELFI TOP CHOCO 16,1015,BOX  ,8.991E+12
1550,19,BENDERA FRUITY  BTL ANGR 120,1137.5,PCS  ,8.99275E+12
1552,19,BENDERA FRUITY  BTL STRW 120,1137.5,PCS  ,8.99275E+12
1557,71,KARA SARI KLP PLAIN 360,3231.25,PCS  ,8.99271E+12
1558,A0106     ,ABC TERASI UDANG 20 X 4.2,3347.5,PCS  ,7.11844E+11
1560,A0012     ,PIATOS DUO DGG BKR-NORI 25G,4480,PACK ,8.9962E+12
1565,210,LOSOSA GARAM 100 GR,6250,PCS  ,8.99105E+12
1567,A0106     ,ABC KCP ASIN 133 ML,2250,PCS  ,7.11844E+11
1568,19,ABC KCP ASIN BTL 625,6712.5,PCS  ,7.11844E+11
1569,19,ABC KCP MANIS 6X30ML,3691.25,DOS  ,8.99491E+12
1571,19,ABC KCP MANIS 620 BTL,15366.25,PCS  ,7.11844E+11
1572,A0106     ,ABC KCP MANIS BTL 275M,6715,PCS  ,7.11844E+11
1574,A0106     ,ABC KCP MNS 135 ML,3207.5,PCS  ,7.11844E+11
1575,183,BUMBU PECEL TIDAK PEDAS,5000,PCS  ,8.9912E+12
1577,A0106     ,ABC KCP MNS PET 600 ML,9453.75,PCS  ,7.11844E+11
1580,19,ABC MACK CHILLI 155GR,3168.75,PCS  ,7.11844E+11
1581,A0106     ,ABC MACK TOMATO 425,7920,PCS  ,7.11844E+11
1582,19,ABC MACK TOMATO SAUCE 155,3168.75,PCS  ,7.11844E+11
1583,A0106     ,ABC MACK CHILLI 425,7921.25,PCS  ,7.11844E+11
1584,A0106     ,ABC SBL ASLI 135 ML,3537.5,PCS  ,7.11844E+11
1585,19,ABC SBL ASLI 335ML,7748.75,PCS  ,7.11844E+11
1586,A0106     ,ABC SBL ASLI SAC 24X9G (91),3891.25,PCS  ,7.11844E+11
1587,19,ABC SBL EXT PEDAS 135,3537.5,PCS  ,7.11844E+11
1590,A0106     ,ABC SBL MANIS PEDAS135,3446.25,PCS  ,7.11844E+11
1594,71,SUN KARA TETRA PACK 65,3331.25,PCS  ,8.99272E+12
1595,A0106     ,ABC SAOS TOMAT SASET,3891.25,PCS  ,7.11844E+11
1596,A0106     ,ABC SARDINES CHILI 155,3598.75,PCS  ,7.11844E+11
1597,A0106     ,ABC SARDINES TOMAT 155,3546.25,PCS  ,7.11844E+11
1598,A0106     ,ABC SARDINES TOMAT 425,8207.5,PCS  ,7.11844E+11
1599,A0106     ,ABC SARDINES CHILI 425,8207.5,PCS  ,7.11844E+11
1600,19,ABC SAUS ASAM MANIS 195,4842.5,PCS  ,7.11844E+11
1602,A0106     ,ABC SAUS TIRAM 195,7218.75,PCS  ,7.11844E+11
1603,19,ABC SAUS TIRAM 425,10586.25,PCS  ,7.11844E+11
1604,A0106     ,ABC SBL EX PEDAS 335ML,7733.75,PCS  ,7.11844E+11
1605,19,ABC SBL MNS PEDAS 335ML,7750,PCS  ,7.11844E+11
1606,16,FINNA BUMBU TOM YAM 50,2533.75,PCS  ,8.99182E+12
1607,A0106     ,ABC TOMAT BTL 340ML,6750,PCS  ,7.11844E+11
1608,A0106     ,ABC TOMAT 135,3023.75,PCS  ,7.11844E+11
1610,183,BUMBU PECEL KELUD KECIL,1937.5,PCS  ,7.11844E+11
1611,105,AJINOMOTO  50GR,1418.75,PCS  ,8.99277E+12
1612,67,L`AGIE FEBBY POLOS,1653.75,PCS  ,8.99296E+12
1613,43,AJINOMOTO 100GR,2700,PCS  ,8.99277E+12
1614,67,L`AGIE FEBBY WARNA,1812.5,PCS  ,8.99296E+12
1615,105,AJINOMOTO 250GR,6375,PCS  ,8.99277E+12
1616,16,FINNA KING LOBSTER 200,6062.5,PCS  ,8.99277E+12
1617,A0106     ,ABC KCP MNS REF 520,9515,DOS  ,7.11844E+12
1618,67,L`AGIE SAFARI COKLAT 100,2000,PCS  ,8.99296E+12
162,2,TOP SQUARE PUFF,5436.25,DOS  ,8.88817E+12
1620,A0113     ,BUMBU PECEL  KARANGSARI,5000,PCS  ,8.9912E+12
1621,183,BUMBU PECEL PEDAS,5000,PCS  ,8.9912E+12
1622,185,GARAM KAPAL 500 G,525,PACK ,8.99311E+12
1624,4,CIP S.MUSHROOM PEELED 425,6318.75,PCS  ,8.99901E+12
1626,183,BUMBU PECEL KELUD BESAR,4250,PCS  ,8.88833E+12
163,176,DUETO MILK ROLL 132,3593.75,PCS  ,89686680218
1638,210,LOSOSA GARAM 500,16250,DOS  ,8.99105E+12
1639,16,DOLPIN GARAM 500,2300,DOS  ,11747234191
1641,16,DOLPIN GARAM MEJA 250G,1161.25,DOS  ,11747234160
1643,16,FINNA DIPPING FOR CHIC 340,10312.5,PCS  ,8.99182E+12
1645,16,FINA OYSTER SAUS,7577.5,PCS  ,8.85021E+12
1646,16,FINNA SAMBAL EXT HOT 340,6875,PCS  ,8.99182E+12
1647,16,FINNA BUMBU LODEH 50,3368.75,PCS  ,8.99182E+12
1648,16,FINNA BUMBU BALI 50,2533.75,PCS  ,8.99182E+12
1649,71,KARA NATA DE COCO CUP 220,3231.25,DOS  ,8.99272E+12
165,2,TOP CREAM CRAKERS,4936.25,DOS  ,8.88817E+12
1650,23,KARA SARI KLP CCPDN 1000.,7548.75,PCS  ,8.99272E+12
1653,16,FINNA BUMBU GULAI,3368.75,PCS  ,8.99182E+12
1654,16,FINNA BUMBU KARE 50,3368.75,PCS  ,8.99182E+12
1655,16,FINNA BUMBU NASI GRG 50,3368.75,PCS  ,8.99182E+12
1656,16,FINNA BUMBU OPOR,3368.75,PCS  ,8.99182E+12
1657,16,FINNA BUMBU RAWON 50,3368.75,PCS  ,8.99182E+12
1658,16,FINNA BUMBU RENDANG,3368.75,PCS  ,8.99182E+12
1659,16,FINNA BUMBU RUJAK,1993.75,PCS  ,8.99182E+12
166,176,DUETO ORANGE ROLL 132GR,3773.75,PCS  ,89686680355
1660,16,FINNA BUMBU SOTO,3368.75,PCS  ,8.99182E+12
1662,16,FINNA TEPUNG BMB 200 GR,4401.25,PCS  ,8.99182E+12
1663,16,FINNA TB AYAM GORENG,1437.5,PCS  ,8.99182E+12
1664,16,FINNA TERASI KENANGA,3850,PCS  ,11747234139
1665,16,FINNA TERASI KENCANA,4400,PCS  ,11747234115
1666,16,FINNA BUMBU SAYUR ASAM 50,3368.75,PCS  ,8.99182E+12
1671,105,SAJIKU  AYAM GRG TRA/ORI25,1375,PCS  ,8.99277E+12
168,176,DUETO STRAWBERY ROLL 132G,3593.75,PCS  ,89686680454
1682,23,GARAM MJ REFINA BOTOL 100,4687.5,PCS  ,8.99323E+12
1686,131,MR MINYAK CEM CEMAN 175,3375,PCS  ,8.99515E+12
169,A0030     ,ROMA BETTER VANILA 4 X 22,5442.5,PCS  ,8.996E+12
1699,4,KARDUS PARCEL BESAR,2000,PCS  ,1699
170,136,KACANG SHANGHAI DK 450,12250,PCS  ,8.99508E+12
1705,207,GARNIER MOIST CREAM 20,12000,PCS  ,8.99138E+12
1708,16,FINNA PANKO 200,9070,PCS  ,8.9927E+12
1727,64,BUBUK LADA HITAM,7736.25,PCS  ,1727
1729,23,KARA SANTAN 200ML,4083.75,PCS  ,8.8863E+12
1730,A0086     ,POCARI SWEAT PET 500,5577.5,DOS  ,8.99704E+12
1731,A0106     ,ABC KCP MANIS REF 225,4273.75,DOS  ,7.11844E+11
1732,181,KECAP IKAN BADER,9600,DOS  ,1732
1733,58,DEL MONTE KERNEL CORN,10687.5,PCS  ,24000163022
1736,16,KECAP LARON KUNING 600 BTL,12031.25,PCS  ,0
1738,16,KECAP LARON KUNING 150,5018.75,PCS  ,1738
1740,131,MR GULA ASEM 200,2578.75,DOS  ,8.99515E+12
1742,16,FINNA TPG BUMBU TEMPURA,1475,PCS  ,0
1743,16,FINNA BUMBU DAGING LADA H50,3575,PCS  ,8.99182E+12
1747,A0060     ,KECAP SATE MERAH 620ML,8375,PCS  ,8.99617E+12
1749,103,SOFTNESS PANTY SJ P 50,5973.75,PCS  ,8.99287E+12
1751,16,DOPLIN GARAM 1 KG,3092.5,PCS  ,8.99276E+12
1754,212,MIWON GARAM GURIH 250,1417.5,PACK ,8.99801E+12
1758,16,GREATWALL CORNED BEEF 380,6965,PCS  ,8.99276E+12
1761,40,SEDAP MIE AYM BWG TLR 73 G,6562.5,DOS  ,8.99887E+12
1762,131,PONDAN TPG GRG PISANG 100,1875,PCS  ,8.9959E+12
1763,A0106     ,ABC KCP MNS PET NEW 600,8752.5,PCS  ,7.11844E+11
1764,105,SAJIKU NASI GORENG AYAM,1375,PCS  ,8.99277E+12
1765,105,SAJIKU NASI GORENG UDANG,1375,PCS  ,8.99277E+12
1767,23,KOBE BONCABE LEV-15 (7GR),1812.5,PCS  ,8.9959E+12
1770,23,KOBE PUTIH 90,1812.5,PCS  ,8.9959E+12
1772,54,KOKITA SBL TERASI 10X15GR,8625,PCS  ,8.991E+12
1779,54,KOKITA BMB AYAM GORENG 60,2875,PCS  ,6.49626E+11
1786,16,KECAP LARON BIRU 600 BTL,10037.5,PCS  ,1786
1787,54,KOKITA BMB NASI GRG SEDAP,2875,PCS  ,8.991E+12
1788,54,KOKITA BMB NASI GRG MILD 60,2875,PCS  ,6.49626E+11
1789,54,KOKITA BMB RENDANG 60 ML,2875,PCS  ,8.991E+12
1790,54,KOKITA BMB NASI GRG PEDAS,2875,PCS  ,6.49626E+11
1791,54,KOKITA BMB NASI GRG E.MILD,2875,PCS  ,6.49626E+11
1792,16,FINNA BUMBU AYM GRG 50,3368.75,PCS  ,8.99182E+12
1794,54,KOKITA K.SAMBEL HOT 400GR,9310,PCS  ,6.49626E+11
1795,54,KOKITA K.SAMBEL MILD 400,9310,PCS  ,6.49626E+11
1797,54,KOKITA SAMBAL CABE 400,6625,PCS  ,6.49626E+11
1798,31,TESSA TP-01,1326.25,PCS  ,8.99293E+12
1799,16,KECAP BIRU 150,4743.75,PCS  ,8.991E+12
1800,54,KOKITA SBL ASAM MANIS 225,5312.5,PCS  ,8.991E+12
1801,54,KOKITA SAUS TOMAT 400 GR,5812.5,PCS  ,89686180015
1802,54,KOKITA SBL BDG RPS 400G,6625,PCS  ,8.991E+12
1805,54,KOKITA SMB BDG PDS 400 GR,6625,PCS  ,8.991E+12
1808,105,SAORI SAOS TIRAM 30 G,1687.5,PCS  ,8.99277E+12
1810,16,FINNA TB SERBAGUNA 90,1437.5,PCS  ,8.99182E+12
1811,A0106     ,ABC KCP MANIS REF 70ML,1687.5,PCS  ,7.11844E+11
1812,210,LOSOSA GARAM 250,9375,DOS  ,8.99105E+12
1817,19,FINNA PETIS SUPER 250,8670,PCS  ,8.99406E+12
1818,A0106     ,ABC SARDINES EXT PDS 155,3521.25,PCS  ,7.11844E+11
1819,A0106     ,ABC SARDINES EXT PDS 425,8360,PCS  ,7.11844E+11
182,31,GOOD TIME TEDDY CKT 33,1631.25,PCS  ,8.88602E+12
1824,18,ETIRA WHOLE,4125,PCS  ,8.99521E+12
1825,16,MA-LING GREEN PEAS 397/24,4687.5,PCS  ,6.90101E+12
1826,105,MASAKO AYAM 50,2250,PCS  ,8.99277E+12
1827,105,MASAKO SAPI 50,531.25,PCS  ,8.99277E+12
1829,103,MASAKO AYAM 250,2250,PCS  ,8.99277E+12
1830,103,MASAKO SAPI 250,531.25,PCS  ,8.99277E+12
1831,105,MASAKO AYAM 6X9G,3000,PCS  ,8.99277E+12
1832,103,OREO DARK & WHITE CHOC 137,4125,PCS  ,7.62221E+12
1833,16,NARCISCUS MUSHROOM 425,9375,PCS  ,6.90101E+12
1834,131,PONDAN TPG GORENG 100 G,1875,PCS  ,8.99279E+12
1835,172,HIT AER EXPERT S.FLWR 415+65,5125,PCS  ,8.99275E+12
1848,131,PONDAN FRIED CK 50 GR,2000,PCS  ,8.99279E+12
1849,131,PONDAN KENTUCKY 100 GR,1940,PCS  ,8.99279E+12
185,A0013     ,TARO NET POTATO 16,950,DOS  ,9E+12
1851,89,VIVA HBL MANGIR ADVOCADO,3228.75,PCS  ,8.9928E+12
1852,54,PONDAN KENTUCKY 200 GR,3437.5,PCS  ,8.99279E+12
1853,175,PRONAS CORNED BEEF 198,10901.25,PCS  ,8.9928E+12
1854,175,PRONAS CORNED BEEF 340GR,16511.25,PCS  ,8.9928E+12
1855,175,PRONAS SARDEN TOMAT155,3358.75,PCS  ,8.99282E+12
1856,175,PRONAS SARDEN CHILI425,7907.5,PCS  ,8.9928E+12
1857,175,PRONAS SOSIS AYAM 325,12052.5,PCS  ,8.9928E+12
1858,175,PRONAS SOSIS SAPI 325 GR,12075,PCS  ,8.9928E+12
1859,175,PRONAS SOSIS SAPI 425 GR,14708.75,PCS  ,8.9928E+12
186,158,GT TARTVFRUIT BLKIBERY,5983.75,PCS  ,8.88602E+12
1869,105,SAJIKU TB SERBAGUNA 90 G,1800,PCS  ,8.99277E+12
188,158,GT TART FRUIT RSBERRY,6392.5,PCS  ,8.88602E+12
1887,31,MIC MAC CHEESE 147,4000,PCS  ,8.88602E+12
1896,16,FINNA SARDINES 425,6600,PCS  ,8.9933E+12
1897,16,INTERFOOD SHRIMP/UDANG 24,21340,PCS  ,8.9927E+12
1900,71,SUN KARA SANTAN KELAPA200,3283.75,DOS  ,8.99272E+12
1903,16,HOME SARDENIS 155,1712.5,PCS  ,8.9933E+12
1904,71,NERIL AD 100,26125,PCS  ,8.99138E+12
1905,19,H&S BLACK 5 ML,2970,PCS  ,4.90243E+12
1906,19,H&S BLACK 200 ML,25213.75,PCS  ,4.90243E+12
1907,19,PANTENE LONG BLACK 100 ML,9157.5,PCS  ,4.90243E+12
1908,19,H&S BLACK 100 ML,13303.75,PCS  ,4.90243E+12
1909,19,EXQUISIT HT HERBAL 75,18067.5,PCS  ,8.99626E+12
1910,19,PANTENE BLACK 400,36011.25,PCS  ,4.90243E+12
1911,19,EXQUISIT HT ACTIVE 75,16425,PCS  ,8.99626E+12
1912,19,EXQUISIT HT GINSENG 75,18067.5,PCS  ,8.99626E+12
1913,19,PANTENE DAILY MOIST 340,33660,PCS  ,4.90243E+12
1915,71,NERIL ANTI GUARD,26125,PCS  ,8.99138E+12
1917,19,REJOICE SHP ANT HAIRFALL 340,2970,PCS  ,4.90243E+12
1920,131,NATUR C KETOMBE 140,14148.75,PCS  ,8.99293E+12
1927,67,L`AGIE GOLDEN CITY MINI 50,1593.75,PCS  ,8.99296E+12
1928,67,L`AGIE GOLDEN CITY BALL 50,1968.75,PCS  ,8.99296E+12
1929,67,L`AGIE GOLDEN CITY WARNA 50,1408.75,PCS  ,8.99296E+12
193,176,GERY KRAKER BERAS 10X5.6 GR,4500,PCS  ,8.99278E+12
194,176,GERY WFR CREAM CVANILA 80,2303.75,PCS  ,8.99278E+12
1943,A0044     ,LARIS JAYA GADUNG,18960,PCS  ,1943
1958,19,OLAY WHT RADIANCE LOT 30,19737.5,PCS  ,4.90243E+12
1959,69,FANTA IMUT ORANGE 250,7146.25,DOS  ,8.99276E+12
1960,83,PUCELL COL TRANG BLUE 60,7291.25,PCS  ,8.99222E+12
1961,19,HERBAL ESSENCES AD 5ML,2970,PCS  ,4.90243E+12
1962,40,EMERON SHP S MAWAR 330,11125,PCS  ,8.99887E+12
1963,40,EMERON SHP AK 80,3310,PCS  ,8.99887E+12
1964,40,EMERON SHP HAIR FALL 80,3310,PCS  ,8.99887E+12
1965,40,EMERON SHP GINSENG M 90,3310,PCS  ,8.99887E+12
1966,40,EMERON SHP AK 170,6670,PCS  ,8.99887E+12
1967,40,EMERON SHP HAIRFALL 170,7250,PCS  ,8.99887E+12
1968,40,EMERON SHP SOFT & SMOOTH 170,7250,PCS  ,8.99887E+12
1969,40,EMERON SHP S SRAIGHT 270,11125,PCS  ,8.99887E+12
1970,40,EMERON SHP A KETOMBE 270,10235,PCS  ,8.99887E+12
1971,40,EMERON SHP L BUAYA 270,11125,PCS  ,8.99887E+12
1972,40,EMERON SHP U ARING 270,10235,PCS  ,8.99887E+12
1973,40,EMERON SHP BLACK SHINE 80,3310,PCS  ,8.99887E+12
1975,19,REJOICE LEAVE ON 50,6126.25,PCS  ,4.90243E+12
1977,19,PANTENE HAIRFALL 400,33660,PCS  ,8.99887E+12
1979,40,EMERON SHP BLACK SHINE 170,6670,PCS  ,8.99887E+12
198,158,TIM TAM CHOCO COFFEE135,6541.25,PCS  ,8.99309E+12
1981,19,H&S CLEAN BALANCE EOL 70ML,9157.5,PCS  ,4.90243E+12
1982,19,H&S CLEAN&BALANCE 180ML,17975,PCS  ,4.90243E+12
1983,19,H&S SHP CLEAN&BLC 6X5ML,2970,STR  ,4.90243E+12
1985,19,H&S MENTHOL 75ML,9157.5,PCS  ,4.90243E+12
1986,19,H&S MENTHOL 180,17975,PCS  ,4.90243E+12
1987,19,H&S SHP MENTHOL 6X10ML,2970,STR  ,4.90243E+12
1988,19,H&S SHP SMOOTH&SILKY 6X5ML,2970,STR  ,4.90243E+12
1989,19,H&S SMOOTH&SILKY 90ML,9157.5,PCS  ,4.90243E+12
1990,19,H&S SMOOTH&SILKY 180ML,17975,PCS  ,4.90243E+12
1991,19,PANTENE HAIRFALL 70,9157.5,PCS  ,4.90243E+12
1992,19,PANTENE SHP HAIRFALL 6X5M,2970,STR  ,4.90243E+12
1993,19,PANTENE HAIR FALL 200,19613.75,PCS  ,4.90243E+12
1994,19,REJOICE BLACK 400,24750,PCS  ,4.90243E+12
1995,131,MR SHP DAUN LANDEP 175,9693.75,PCS  ,8.99515E+12
1997,40,ZINC SHP RE-FRESHING 135,8125,PCS  ,8.99887E+12
200,A0012     ,PIATOS KEJU 12,937.5,PACK ,8.9962E+12
2000,19,PANTENE COND HAIRFALL 75,9157.5,PCS  ,4.90243E+12
2001,19,REJOICE REVIVING 5 ML,2970,PCS  ,4.90243E+12
2003,19,PANTENE COND HAIR FALL 165,22925,PCS  ,4.90243E+12
201,A0012     ,PIATOS BARBEQUE 12,937.5,PACK ,8.9962E+12
2012,131,MR BILASAN SANTAN 175,12375,PCS  ,8.99515E+12
2013,51,MR. CREAM CEMCEMAN 175/200,18046.25,PCS  ,8.99515E+12
2014,51,M RATU MY CENDANA 175 ML,15000,PCS  ,8.99515E+12
2015,131,MR SHP DAUN TEH HIJAU 175,9693.75,PCS  ,8.99515E+12
2016,131,MR PENYUBUR R 175 ,15000,PCS  ,8.99515E+12
2017,131,MR SHP BAYAM 175,9693.75,PCS  ,8.99515E+12
2018,131,MR SHP DAUN WARU 175,9693.75,PCS  ,8.99515E+12
2019,131,MR SHP MERANG 175 ML,9693.75,PCS  ,8.99515E+12
202,176,GARUDA KCG BAWANG 220,10395,PCS  ,8.99278E+12
2023,40,ZINC RE-VITALIZING 135,8375,PCS  ,8.99887E+12
2024,19,REJOICE BLACK 180,13767.5,PCS  ,4.90243E+12
2025,19,HERBAL WEIGHTY &STR 100,7765,PCS  ,4.90243E+12
2026,19,HERBAL WEIGHTY & STR 200,14478.75,PCS  ,4.90243E+12
2027,103,NATUR SUBUR RBT 80,6737.5,PCS  ,8.99293E+12
2028,131,NATUR PENGHITAM RBT 80,6737.5,PCS  ,8.99293E+12
2029,131,NATUR PERAWAT RBT 80,6737.5,PCS  ,8.99293E+12
203,A0012     ,PIATOS SAPI PANGGANG 12,937.5,PACK ,8.9962E+12
2031,131,NATUR MENCEGAH RTK 140 ML,11687.5,PCS  ,8.99293E+12
2032,103,NATUR MENCEGAH RTK 80 ML,6875,PCS  ,8.99293E+12
2033,40,NEOPON CAMOMILE SHP 200ML,13680,PCS  ,8.99626E+12
2039,19,REJOICE RICH 400,24750,PCS  ,4.90243E+12
204,31,TIM TAM COOKIES CKT 120,6062.5,PCS  ,8.88602E+12
2040,19,REJOICE COMPLETE 400,25555,PCS  ,4.90243E+12
2041,19,REJOICE GINSENG VITAL 400,24750,PCS  ,4.90243E+12
2042,19,REJOICE GINSENG VITAL 200,13766.25,PCS  ,4.90243E+12
2045,19,PANTENE COND HEALTY 90,9157.5,PCS  ,4.90243E+12
2046,19,REJOICE FAMILY C 175,10890,PCS  ,4.90243E+12
2047,19,PANTENE ANTI D 170ML,19613.75,PCS  ,4.90243E+12
2048,19,PANTENE ANTI D 70,9157.5,PCS  ,4.90243E+12
2049,19,PANTENE AD 6X10 ML,2970,STR  ,4.90243E+12
205,A0044     ,STICK NANAS MANNA,497.5,PCS  ,205
2050,19,PANTENE CON SMOOTSILKY 165,22925,PCS  ,4.90243E+12
2051,19,REJOICE FAMILY CLEAN 80,5692.5,PCS  ,4.90243E+12
2052,19,PANTENE COND LIVELY 100,11980,PCS  ,4.90243E+12
2053,19,PANTENE COND SMOOTH S 90,9157.5,PCS  ,4.90243E+12
2054,19,PANTENE COND 3MM TTL DMG 70,3993.75,PCS  ,4.90243E+12
2057,19,PANTENE LIVELY CLEAN 200,18401.25,PCS  ,4.90243E+12
2058,19,REJOICE SOFT & SMOOTH 6X6 ML,1608.75,STR  ,4.90243E+12
2059,19,PANTENE LIVELY CLEAN 5 ML,2457.5,PCS  ,4.90243E+12
206,103,OREO PEANUT BTR & CHO294 GR,1041.25,BOX  ,8.99276E+12
2060,19,PANTENE COND 3MM HAIRFALL 70,22762.5,PCS  ,4.90243E+12
2061,19,PANTENE SHP BLACK 6X5,2970,STR  ,4.90243E+12
2062,19,PANTENE SHP NAT C F&L 6X10,36011.25,RTG  ,4.90243E+12
2063,19,PANTENE NEW NORMAL 400 ML,33592.5,PCS  ,4.90243E+12
2064,19,PANTENE BLACK 90  ML,9157.5,PCS  ,4.90243E+12
2065,19,PANTENE LONG BLACK 200,22878.75,PCS  ,4.90243E+12
2066,19,PANTENE SMOOTH SILKY 85,9157.5,PCS  ,4.90243E+12
2067,19,PANTENE SMOOTH SILKY 170,19613.75,PCS  ,4.90243E+12
2068,19,PANTENE SHP SMOOTH S 6X7,2970,STR  ,4.90243E+12
2069,19,PANTENE VOLOME FULLNES 10,9837.5,PCS  ,4.90243E+12
2070,19,PANTENE VOLUME FULLNES BA,2970,PCS  ,4.90243E+12
2071,19,PANTENE BLACK 170 ML,19812.5,PCS  ,4.90243E+12
2072,19,REJOICE AD 3 IN 1  6 X 6 ML,2970,STR  ,4.90243E+12
2073,19,REJOICE ANTI HAIRFAL 170 ML,13767.5,PCS  ,4.90243E+12
2074,19,REJOICE ANTI.D 100ML,7363.75,PCS  ,4.90243E+12
2075,19,REJOICE BLACK 5ML BANDED,2970,STR  ,4.90243E+12
2076,19,REJOICE SHP HAIRFAL 6 X 6 ML,2970,STR  ,4.90243E+12
2078,19,REJOICE BALANCED 200ML,12936.25,PCS  ,4.90243E+12
2079,19,REJOICE COMPLETE 90,7362.5,PCS  ,4.90243E+12
2080,19,REJOICE COMPLETE 180,13767.5,PCS  ,4.90243E+12
2081,19,REJOICE COMPLIT 6X5ML,2970,STR  ,4.90243E+12
2082,19,REJOICE FRUITY/FRUITY AD 180,13767.5,PCS  ,4.90243E+12
2083,19,REJOICE COND FRUITY 80,6682.5,PCS  ,4.90243E+12
2084,19,REJOICE RICH 90,7362.5,PCS  ,4.90243E+12
2085,19,REJOICE RICH BTL 240,13767.5,PCS  ,4.90243E+12
2086,19,REJOICE RICH (5.5ML X 2) X 6,2970,STR  ,4.90243E+12
2087,19,PANTENE LEAVE ON/H 6X5ML,2970,PCS  ,4.90243E+12
2088,19,PANTENE BLACK COND 7,52970,PCS  ,4.90243E+12
2090,19,REJOICE BLACK SILKY BLACK 90,7362.5,PCS  ,4.90243E+12
2107,40,ZINC RE-ENERGZ 135,8125,PCS  ,8.99887E+12
212,2,KG ASS RED BULAT 1000G,20093.75,DOS  ,8.88817E+12
2123,19,PANTENE HEALTY SCALP 90,9157.5,PCS  ,4.90243E+12
2124,19,PANTENE HEALTY SCALP 200,19812.5,PCS  ,9E+12
2133,167,ABC MIE GULE SALERO 70,825,DOS  ,8.99239E+12
2135,102,ABC MIE OPOR,873.75,PCS  ,8.99239E+12
2139,19,ABC MIE SP GRG AYAM LIMAU,896.25,DOS  ,8.99239E+12
214,179,MR.P KACANG MADU 40GR,2627.5,PACK ,8.99271E+12
2140,A0094     ,ABC MIE SP GULAI AYAM ,873.75,DOS  ,8.99239E+12
2141,167,ABC MIE CUP KARI AYAM,2647.5,PCS  ,8.99239E+12
2142,A0094     ,ABC MIE RASA AYAM BWG,825,DOS  ,8.99239E+12
2143,102,ABC MIE RBS BASO SAPI,825,PCS  ,8.99239E+12
2145,A0094     ,ABC MIE SP SEMUR AYAM,873.75,DOS  ,8.99239E+12
2146,102,ABC MIE SOTO,782.5,PCS  ,8.99239E+12
2147,19,ABC MIE SP SUP TOMAT,873.75,DOS  ,8.99239E+12
2148,102,ABC MIE GRG PANGSIT,1017.5,PCS  ,2148
215,179,MR.P KCG CHILI ROASTED 80GR,5253.75,PACK ,8.99271E+12
2156,90,YOU C1000 LEMON,3958.75,DOS  ,8.99701E+12
2157,A0113     ,TEH BANDULAN KNG 80 GR,1128.75,PCS  ,8.9943E+12
216,179,MR.P KCG MADU 80GR,5253.75,PACK ,8.99271E+12
2162,A0069     ,TWISTKO JAGUNG BAKAR 70,2343.75,PCS  ,8.99483E+12
2164,23,CUP NOODLES UDANG CIS,2603.75,PCS  ,8.99272E+12
2165,215,SARI ROTI LAPIS BAMKUHEN,953.75,PCS  ,8.99291E+12
2166,A0002     ,SGM EKSPLOR 1+ VAN 600G,1062.5,PCS  ,8.9991E+12
217,54,MR.P KC METTE MADU 80 GR,12541.25,PCS  ,8.99271E+12
218,179,MR.P KCG GARLIC 40 GR,2627.5,PACK ,8.99271E+12
2184,19,SELAMAT BISC BLACK VNL102,1117.5,PCS  ,8.991E+12
2189,172,CARRERA POLES M 20GX6S,2800,PCS  ,8.99275E+12
219,179,MR.P KCG GARLIC ROASTED 80GR,5253.75,PACK ,8.99271E+12
2190,172,CARRERA SHAMPO M 30MX6S,2800,PCS  ,8.99275E+12
2191,172,STELLA MATIC LISTRIK(KECIL),3315,PCS  ,2191
220,179,MR.P KCG CHILI ROASTED 40GR,2627.5,PACK ,8.99271E+12
2200,19,GILLETTE BLUE II PLUS 589,1326.25,PCS  ,8.88883E+12
2203,175,CAREFREE HEALTHY FRESH SD,1326.25,PCS  ,8.85001E+12
2204,175,CAREFREE HEALTHY ULTRA T 20,1326.25,PCS  ,8.85001E+12
2209,40,SEDAP MIE SAMBAL GORENG,1192.5,DOS  ,8.99887E+12
2219,131,SWEETY BRONZE PANTS M34,668.75,PCS  ,8.99296E+12
222,103,OREO VANILA 137 GR ,4892.5,PCS  ,8.99276E+12
2220,131,SWEETY SAFE&SOFT L36,687.5,PCS  ,8.99296E+12
2230,131,ICE CREAM KOPYOR 150,512.5,PCS  ,                    
2231,112,SEPATU ARDILES CLEAVER,548.75,PCS  ,2231
2233,19,GILLETTE UG BLU II PLUS 2S,520,PCS  ,8.88886E+12
2234,19,VICKS FORMULA 44 27 ML,543.75,PCS  ,4.98718E+12
2237,172,HIT AERO GREEN TEA 225,702.5,PCS  ,8.99275E+12
224,103,OREO VANILA 29.4,1041.25,BOX  ,8.99276E+12
2241,A0030     ,DRINK BENG-BENG 5X30 GR,1113.75,DOS  ,8.996E+12
2242,A0030     ,TORABIKA SUSU ESPRESSO 5X23G,750,DOS  ,8.99867E+12
2244,A0034     ,EVEREADY HTM SEDANG 1235 2S,548.75,PCS  ,8.999E+12
225,103,OREO COKLAT CREEM 29.4,1068.75,BOX  ,8.99276E+12
2252,40,JAS JUS ALL SAC10,1360,PCS  ,8.99887E+12
226,103,OREO DOUBLE STUF 152,4892.5,PCS  ,4.89305E+12
2261,4,MADU SARI MURNI TTK 650,7700,PCS  ,2261
2273,2,NS WFR LEMON 120,3703.75,PCS  ,8.88817E+12
2282,112,SEPATU CARVIL SOULMATE T,548.75,PCS  ,2282
2284,40,SEDAP MIE GORENG,1192.5,DOS  ,8.99887E+12
229,200,REGAL MARIE SUPERIOR 250G,13846.25,PCS  ,8.99304E+12
2291,71,EXTRA JOSS 10 TABLET,7500,PCS  ,8.99306E+12
2293,19,VICKS VAPARUP 50,20418.75,PCS  ,4.98718E+12
2295,131,HANSAPLAST BALSEM 10GR,2625,PCS  ,8.99978E+12
2296,131,HANSAPLAST BALSEM 20GR,4900,PCS  ,8.99978E+12
2298,19,VICKS VAPARUB 5 GR,2783.75,PCS  ,8.99978E+12
230,200,REGAL SUPERIOR 125 GR,7301.25,PCS  ,8.99304E+12
2306,171,KAYU PUTIH MINYAK B,6972.5,PCS  ,0
2308,69,MM PULPY HOMESTY 350,7631.25,DOS  ,8.99276E+12
2309,102,TRENZ 30 ALL VAR,1036.25,PCS  ,89686681215
231,103,RITZ CRACERS 100 GR,3312.5,PCS  ,8.99276E+12
2314,A0045     ,GAJAH TELON 55 BOTOL,6972.5,PCS  ,8.99518E+12
2315,19,VAPORUB 50 GR,18187.5,PCS  ,4.98718E+12
2316,19,VICKS INHALER,8167.5,PCS  ,4.90243E+12
2317,19,VICKS VAPORUB 10 GR,4918.75,PCS  ,4.98718E+12
2319,31,MULTI MP-03,4162.5,PCS  ,8.99293E+12
232,103,RITZ SANDWICH CHEESE 27,1041.25,BOX  ,4.89305E+12
2320,172,MITU TRAVEL PACK LEMON 5,876.25,PCS  ,8.9989E+12
2321,172,MITU ANN T PACK 5 KW,876.25,PCS  ,8.9989E+12
2322,172,MITU WETTIES BOX LMN 20,5510,PCS  ,8.99275E+12
2323,172,MITU T BOX SHIKADA 20,5248.75,PCS  ,8.99275E+12
2325,172,MITU T. BOX,5248.75,PCS  ,0
2326,172,MITU T. BOX BABY BP  20,5510,PCS  ,8.99275E+12
233,103,RITZ SANDWICH CRAC CHESE 118,4367.5,PCS  ,4.89305E+12
2330,172,MITU BABY BOTOL BLUE,12146.25,PCS  ,8.99275E+12
2331,172,MITU BABY BOTOL PINK,12753.75,PCS  ,8.99275E+12
2332,172,MITU BABY REFILL BLUE,11287.5,PCS  ,8.99275E+12
2333,172,MITU WETTIES ASEPTIC BTL 60,12753.75,PCS  ,8.99275E+12
2334,172,MITU BOTOL COLOGNE 60,12753.75,PCS  ,8.99275E+12
2335,172,MITU WETTIES LEMON BTL 60,12147.5,PCS  ,8.99275E+12
2336,172,MITU WETTIES A.SEPTIC REF 60,10753.75,PCS  ,8.99275E+12
2337,172,MITU EXTRA THICK PINK 50,8895,PCS  ,8.99275E+12
2338,172,MITU REFILL COLOGNE 120,11287.5,PCS  ,8.99275E+12
2339,172,MITU WETTIES REFILL LEMON,11287.5,PCS  ,8.99275E+12
2340,172,MITU BABY REFILL PINK,11287.5,PCS  ,8.99275E+12
2341,172,MITU TRAVEL PACK BLUE 10S,2587.5,PCS  ,8.99275E+12
2342,172,MITU WETTIES PACK COLOGNE10,2587.5,PCS  ,8.99275E+12
2343,172,MITU WETTIES LEMON 10,2587.5,PCS  ,8.99275E+12
2344,172,MITU TRAVEL PACK PINK 10S,2587.5,PCS  ,8.99275E+12
2348,172,MITU REG REFIL BLUE 20S,10753.75,PCS  ,8.99275E+12
2350,A0002     ,KOTEX SS SLIM 20,8023.75,PCS  ,8.99281E+12
2351,174,NICE BEUTIFUL FLOW.120`S,5003.75,PCS  ,8.99276E+12
2352,174,NICE EMBOS 6 ROLL,11862.5,PCS  ,8.99276E+12
2359,31,TESSA TPC-23,6637.5,PCS  ,8.99293E+12
2360,A0030     ,ROMA CREAM CRACKERS 135 GR,3093.75,DOS  ,8.996E+12
2363,31,PASEO COMPAC AOE 10,8905,PCS  ,8.99305E+12
2364,69,MM NUTRIBOOST UHT STR 180,5967.5,DOS  ,8.99276E+12
2365,69,MM NUTRIBOOST UHT ORG 180,8410,DOS  ,8.99276E+12
2367,33,OVALE MASKULIN OILFREE 75,6431.25,PCS  ,8.99342E+12
2370,103,PASEO HANKY COMP D.CLASS 6,4255,PCS  ,8.99305E+12
2371,181,KACANG KUPAS 500 GR,17212.5,PCS  ,2371
2374,103,PASEO HANDKY 4S WALET/6,3226.25,PCS  ,8.99305E+12
2375,103,PASEO COMP UMBRELLA 10,7471.25,PCS  ,8.99305E+12
238,A110      ,ROMA KELAPA 300GR,5625,DOS  ,8.996E+12
2380,103,PASEO BATR 4 ROLL 280 S,14941.25,PCS  ,8.99305E+12
2381,31,PASEO BATROM 6 ROLL,22263.75,PCS  ,8.99305E+12
2382,172,MITU T REFIL BPL  20,3856.25,PCS  ,8.99275E+12
2388,31,PASEO STD ALOE VERA 1013,6026.25,PCS  ,8.99305E+12
239,A110      ,ROMA MALKIST CRACK 135 GR,2896.25,DOS  ,8.996E+12
2390,31,PASEO STD EUCALYPTUS 1020,6153.75,PCS  ,8.99305E+12
2394,103,PASEO SOFTPACK 3PLY180,7035,PCS  ,8.99305E+12
2396,19,SQ BITES ALMOND 45,11287.5,PCS  ,8.991E+12
2398,172,MITU TRAVEL PACK PINK 5,876.25,PCS  ,8.99281E+12
240,A110      ,ROMA MARIE SUSU 115GR,2750,DOS  ,8.886E+12
2409,A0044     ,PAI COKLAT SUPREZZ 85GR,3178.75,PCS  ,2409
2411,31,TESSA TP-02 SOFT PACK 250S,12718.75,PCS  ,8.99293E+12
2412,31,TESSA TM-05,4566.25,PCS  ,8.99293E+12
2414,31,TESSA TP-08,5190,PCS  ,8.99293E+12
2417,31,TESSA TOT-04,3262.5,PCS  ,8.99293E+12
2418,31,TESSA TP-10,9112.5,PCS  ,8.99293E+12
2419,31,TESSA TP-06 REF HORIZON,6012.5,PCS  ,8.99293E+12
2421,31,TESSA TPC-02,3178.75,PCS  ,8.99293E+12
2423,31,TESSA TPC-07,3262.5,PCS  ,8.99293E+12
2424,31,TESSA TPC-15,2312.5,PCS  ,8.99293E+12
2427,31,TESSA TPC-18,2890,PCS  ,8.99293E+12
243,176,GERY SALUUT  COKLAT 7.5  G,6156.25,BOX  ,8.99278E+12
2430,31,TESSA WHITE HOTEL TS-04,2890,PCS  ,8.99293E+12
2434,31,NICE TISU EMBOS ROLL-4,7965,PCS  ,8.99276E+12
2435,31,MULTI MN-01,2418.75,PCS  ,8.99293E+12
2436,31,TESSA TP-09,2812.5,PCS  ,8.99293E+12
2437,172,MITU WETTIES ANTISEPTIC 10,2587.5,PCS  ,8.99275E+12
244,31,NYAM NYAM FACE COOKIES,1062.5,PCS  ,8.886E+12
2449,23,TOPLY HANDKCF STD BLLMN,3265,PCS  ,8.99276E+12
2457,31,TOPLY NAPKIN COLOUR,2236.25,PCS  ,8.99276E+12
246,170,PISANG HIJAU,5625,PCS  ,0
2463,71,KOMIX OBH,427.5,PCS  ,8.99306E+12
247,19,SELAMAT ANYTIME 180 GR,7466.25,PCS  ,8.991E+12
2471,19,WISPER REG FLOW W 10,11013.75,PCS  ,4.90243E+12
2472,A0098     ,WRD REF EXCL TWC 03 12GR,9922.5,PCS  ,8.99314E+12
248,19,SELAMAT ANYTIME ORANGE180,7466.25,PCS  ,8.991E+12
2483,A0098     ,WRD WS PURE BRIGHT CLE 150,5000,PCS  ,8.99314E+12
2484,167,CUSSON SW 17 CHARMING 75,6737.5,PCS  ,8.9981E+12
2485,33,PLASENTA HBL MERAH 600,7500,PCS  ,0
2487,A0098     ,WRD REF EXCL TWC 02 12GR,5000,PCS  ,8.99314E+12
249,19,SELAMAT BISC CHO/G.CHOC 102G,5981.25,PCS  ,8.991E+12
2493,89,VIVA SPRIT ON ADVENTURE,7812.5,PCS  ,8.9928E+12
2494,89,VIVA SPRIT ON SPORTY,7812.5,PCS  ,8.9928E+12
2495,89,VIVA HBL ASMARA CARROT,2083.75,PCS  ,8.9928E+12
2496,102,OLAY TOTAL WHT EXT 20,11261.25,PCS  ,8.99009E+12
2497,19,OLAY TOTAL WHT EXT LIGHT 40,20418.75,PCS  ,4.90243E+12
2498,19,OLAY TOTAL WHT EXT 80,36753.75,PCS  ,8.99009E+12
2503,89,VIVA HBL CHAMOMILE 100,2083.75,PCS  ,8.9928E+12
2505,40,HERS PROTEX SC REG 60,3750,PCS  ,8.99887E+12
2507,51,PUTERI BD SHR LAVEN 135,6800,PCS  ,8.99515E+12
2508,51,MR  LULUR SBN BENGK W150,14900,PCS  ,8.99515E+12
251,19,DELFI BRIKO BLACK V 125,6270,PCS  ,8.991E+12
252,19,DELFI BRIKO CHOCO 125,6270,PCS  ,8.991E+12
2523,175,SHOWER SC SWING 100,9006.25,PCS  ,8.99111E+12
2524,40,ZINC SP BLACK S 135 ML,3750,PCS  ,8.99887E+12
2525,33,PLASENTA HBL PTH 210,3790,PCS  ,8.99009E+12
2526,33,PLASENTA HBL KUNING 600,7500,PCS  ,8.99009E+12
2531,114,MODES KAPAS,3030,PCS  ,8.99009E+12
2534,19,OLAY TOTAL WHITE 10 GR,5136.25,PCS  ,8.99009E+12
2535,A0105     ,LEM X-LIME 22ML,10368.75,DOS  ,2535
2539,83,GATSBY SC BL/AMBER 75,5613.75,PCS  ,8.99222E+12
2540,83,GATSBY SC CG/AROMATIC 75,5615,PCS  ,8.99222E+12
2541,A0044     ,LIBRA EMPING MLINJO,30660,PCS  ,2541
2542,A0044     ,LIBRA KUPING GAJAH KECIL,35177.5,PCS  ,2542
2543,A0098     ,WRD WS EXFOLIATNG SRUB 50,5000,PCS  ,8.99314E+12
256,19,SELAMAT FUNTIME CHO 150,6847.5,PCS  ,8.991E+12
2560,19,PANTENE COND 3MM TTL DMG 180,55357.5,PCS  ,4.90243E+12
2562,89,VIVA HBL WHITE SOYBEAN,4453.75,PCS  ,8.9928E+12
2563,89,VIVA HBL WHITE MULBERRY,4453.75,PCS  ,8.9928E+12
2564,89,VIVA HBL WHITE YOGURT,4453.75,PCS  ,8.9928E+12
2567,A0103     ,CALADINE LOTION 60 ML,6466.25,PCS  ,8.99301E+12
2568,A0103     ,CALADINE LOTION 95 ML,8578.75,PCS  ,8.99301E+12
2570,174,CALADINE POWD ORI 100 G,7641.25,PCS  ,8.99301E+12
2572,A0103     ,CALADINE POWD ORI 60 G,5280,PCS  ,8.99301E+12
2575,31,MASTER COLOGNE CLASIC 75,5937.5,PCS  ,8.99342E+12
258,19,SELAMAT TWIS BLAC VAN 140,5706.25,PCS  ,8.991E+12
2581,33,PLASENTA HBL HIJAU 600,7500,PCS  ,9E+12
2583,175,CLEAN&CLEAR COMP PWDR WHT,28462.5,PCS  ,8.85001E+12
2584,175,C&C FACIAL WASH PET 100,13703.75,PCS  ,8.99111E+12
2585,175,C&C FACIAL WASH PET 50,8571.25,PCS  ,8.99111E+12
2586,175,C&C MOISTURIZER 50,10782.5,PCS  ,9.55601E+12
2587,175,C&C OIL CONTROL TONER 100,10850,PCS  ,8.99111E+12
2588,175,C&C OIL CONTROL TONER 50,6857.5,PCS  ,8.99111E+12
259,19,SELAMAT TWIS CHO WAFER140,5706.25,PCS  ,8.991E+12
2590,A0110     ,CUSSON BEDAK BLUE G.C 100GR,4331.25,PCS  ,88820309
2591,175,SHOWER CBS FROSTY PINK 10,13738.75,PCS  ,8.99111E+12
2593,83,PUCELLE MS JOLLY R 150,10718.75,PCS  ,8.99222E+12
2594,53,KANA CREAM KAKI,9100,PCS  ,8.9981E+12
2599,167,CUSSONS SW 17 TRANQULITY,6737.5,PCS  ,8.9981E+12
2602,A0044     ,CAMILAN ACHI,11201.25,PCS  ,2602
2605,33,ESKULIN COLGEL FRUTI 100,6250,PCS  ,8.99342E+12
2606,31,ESKULIN BMIST BLUE TEMP 125,7350,PCS  ,8.99342E+12
2608,31,ESKULIN COL GEL WEDNESDAY100,6250,PCS  ,8.99342E+12
2609,A0095     ,VIVELLE BODY MIST RED100,8203.75,PCS  ,8.99304E+12
261,19,DELFI TWISTER BLACK 45,2681.25,PCS  ,8.991E+12
2610,31,ESKULIN BMIST SPARK YELL 125,11250,PCS  ,8.99342E+12
2611,A0029     ,WESLEY BS VIKINGS 200,8203.75,PCS  ,8.99304E+12
2615,199,FRESH FSS NOR/REFR/WHITE 100,5390,PCS  ,8.99278E+12
2617,89,VIVA COMP QUEEN SPF KP,13641.25,PCS  ,8.9928E+12
2619,89,VIVA COMP QUEEN SPF15 KL,13641.25,PCS  ,8.9928E+12
262,19,DELFI TWISTER M BLACK 80,3891.25,PCS  ,8.991E+12
2620,199,FRESH FSS RELAXING 100,5390,PCS  ,8.99278E+12
2622,89,VIVA COMP QUEEN SPF15 NAT,13641.25,PCS  ,8.9928E+12
2623,40,FRESH WHITE 80,5625,PCS  ,7777777
2624,199,FRESH ENER TUBE 100/FSS,5390,PCS  ,8.99278E+12
2626,83,GATSBY BD LOTION WHT 100,5208.75,PCS  ,8.99222E+12
2628,83,GATSBY DEO SPRAY 175ML,19600,PCS  ,8.99222E+12
2629,83,GATSBY DEO SPRAY 50,6466.25,PCS  ,8.99222E+12
263,19,DELFI TWISTER CHOCO 45,2681.25,PCS  ,8.991E+12
2636,83,GATSBY FW PWR REFS SC 50,4750,PCS  ,8.99222E+12
2639,83,GATSBY GLOSS S.HARD 100,6432.5,PCS  ,8.99222E+12
2640,83,GATSBY GLOSS SP HARD150,9103.75,PCS  ,8.99222E+12
2643,31,MASTER COLOGNE COOL 75,6062.5,PCS  ,8.99342E+12
2644,83,GATSBY POMADE 30 ML,5658.75,PCS  ,8.99222E+12
2645,83,GATSBY WAX TOUGH&SHIN 75,10718.75,PCS  ,8.99222E+12
2646,83,GATSBY SHOWER ORI R.500,14291.25,PCS  ,8.99222E+12
2647,83,GATSBY SHOWER FW ORI 125,5103.75,PCS  ,8.99222E+12
2649,83,GATSBY TALC COOL.W  90G,4900,PCS  ,8.99222E+12
265,19,SELAMAT WFR CHOCO 60,2227.5,BOX  ,8.991E+12
2651,31,MASTER COLOGNE SUCCES 75,5937.5,PCS  ,8.99342E+12
2654,83,GATSBY TALK FFOUGERE 100,4900,PCS  ,8.99222E+12
2656,83,GATSBY TREAT HC TONIC 100,3878.75,PCS  ,8.99222E+12
2657,83,GATSBY TREAT HC NORM 70,3471.25,PCS  ,8.99222E+12
266,19,SELAMAT WFR BRIKO BLACK 1,6572.5,PCS  ,8.991E+12
2661,83,GATSBY TREAT HC AD 75GR,3958.75,PCS  ,8.99222E+12
2664,83,GATSBY W GLOSS SOFT 100G,6432.5,PCS  ,8.99222E+12
2669,83,GATSBY SC GH/CITRUS 75,5613.75,PCS  ,8.99222E+12
267,19,SELAMAT WFR BRIKO HAZELNU,6545,PCS  ,8.991E+12
2670,83,GATSBY WAX L NATURAL75G,10718.75,PCS  ,8.99222E+12
2673,83,GATSBY WG SOFT TUBE 50,3462.5,PCS  ,8.99222E+12
2675,31,MASTER COLOGNE SPORTY 75,6062.5,PCS  ,8.99342E+12
2677,175,SHOWER TALK 50 BLOSSOM,3472.5,PCS  ,8.85001E+12
268,19,SELAMAT WFR BRIKO VANILA,6545,PCS  ,8.991E+12
2685,67,L`AGIE ALPINE ALL VAR,3812.5,DOS  ,8.99296E+12
2687,31,GARNIER L COMPLET FOAM 100ML,3736.25,PCS  ,8.99138E+12
2688,31,GARNIER L COMP SCRUB 100,3812.5,PCS  ,8.99138E+12
2691,A0029     ,WESLEY BS RANGERS 200,17500,PCS  ,8.99304E+12
2695,131,NIVEA HYDRO BLC SCRUB 100,17550,PCS  ,8.99307E+12
2697,A0029     ,WESLEY BS PATRIOT 200,17500,PCS  ,8.99304E+12
2698,A0029     ,WESLEY BS RAIDERS 200,18047.5,PCS  ,8.99304E+12
270,19,SQ ALMOND 68G,7576.25,PCS  ,8.991E+12
2702,4,MARJAN MOCCA,14100,PCS  ,8.99889E+12
2703,4,MARJAN COCOPANDAN,13228.75,DOS  ,8.99889E+12
2705,4,MARJAN STRAWBERY,13072.5,DOS  ,8.99889E+12
2707,19,OLAY ANTI BLEMISH CREAM50,102093.75,PCS  ,4.90243E+12
2708,51,PUTERI BEDAK TRANS 01-18G,10210,PCS  ,8.99515E+12
2709,A0044     ,LIBRA MAKARONI BESAR,30660,PCS  ,2709
271,19,SQ DARK 68 GR,7576.25,PCS  ,8.991E+12
2711,131,KENANGA HBL,4500,PCS  ,8.99515E+12
2713,51,MR. BEDAK KUNING KEMATIN,10000,PCS  ,8.99515E+12
2714,83,GATSBY COL SPRAY SPORT100,9697.5,PCS  ,8.99222E+12
2715,83,GATSBY COL SPRAY DREAM 10,9697.5,PCS  ,8.99222E+12
2717,A0029     ,WESLEY BS WARRIORS 200,17500,PCS  ,8.99304E+12
2719,51,MR PEMB JRK NIPIS 150,9281.25,PCS  ,8.99515E+12
272,19,SQ FRUIT&NUT 68,7576.25,PCS  ,8.991E+12
2721,31,MARCKS BEDAK CREME 40,6032.5,PCS  ,8.99503E+12
2722,31,MARCKS BEDAK ROSE 40,6032.5,PCS  ,8.99503E+12
2723,31,MARCKS BEDAK PUTIH 40GR,6032.5,PCS  ,8.99503E+12
2724,51,MR. BDK PLUS KL,12000,PCS  ,8.99515E+12
2725,51,MR PENY AIR MAWAR PUTIH 100,4500,PCS  ,8.99515E+12
2726,51,MR PENY AIR MAWAR PUTIH 150,9075,PCS  ,8.99515E+12
2727,51,MR.TASIK KMNG KL KK/KB35,5672.5,PCS  ,8.99515E+12
2729,51,MR ALAS BDK KL KB 35 ML,5500,PCS  ,8.99515E+12
273,19,SQ MIDI ALM 33G,4138.75,PCS  ,8.991E+12
2730,51,MR ALAS BDK TK TG KK 35,4125,PCS  ,8.99515E+12
2731,51,MR JEBUK SARI ALL 20 G,10312.5,PCS  ,8.99515E+12
2734,131,MR MINYAK ZAITUN 75,10500,PCS  ,8.99515E+12
2735,A0029     ,WESLEY BS BRAVES 200,18047.5,PCS  ,8.99304E+12
2736,51,MR HBL SARI JERUK 175ML,9178.75,PCS  ,8.99515E+12
274,19,SQ MIDI F&N 33G,4138.75,PCS  ,8.991E+12
2740,83,GATSBY COL SPRAY GAME 100,9697.5,PCS  ,8.99222E+12
2742,51,MR KENANGA PEMBERSIH 120M,4125,PCS  ,8.99515E+12
2745,51,MR. BEDAK PADAT KT,17841.25,PCS  ,8.99515E+12
2748,51,MR LULUR KOCOK GADING 200,12891.25,PCS  ,8.99515E+12
2749,51,MR LULUR MASSINANGLING,6000,PCS  ,8.99515E+12
275,19,SQ MIDI CASHEW 33G,4138.75,PCS  ,8.991E+12
2750,131,MR MASKER BENGKOANG 15,6187.5,PCS  ,8.99515E+12
2751,131,MR MASKER BENGKOANGTUBE 60,10000,PCS  ,8.99515E+12
2752,51,MR MASKER BENGK 125,18000,PCS  ,8.99515E+12
2753,51,MR MASKER INDAH WARNI,4000,PCS  ,8.99515E+12
2754,131,MR PEELING MASKER KLT KERANG,4000,PCS  ,8.99515E+12
2757,131,MR MASKER TOMAT,4000,PCS  ,8.99515E+12
2759,131,MR PEELING MUNDISARI 15G,6187.5,PCS  ,8.99515E+12
276,19,SQ CASHEW 68,7580,PCS  ,8.991E+12
2760,51,MR PEELING MUNDISARI 125,18000,PCS  ,8.99515E+12
2763,51,MR PEMB S.GAMBIR BSR150,10210,PCS  ,8.99515E+12
2765,131,MR PEMB MAWAR 150,10210,PCS  ,8.99515E+12
2766,51,MR PEMBERSIH KETIMUN 150,9900,PCS  ,8.99515E+12
2768,131,MR PENY JERUK NIPIS 150,8800,PCS  ,8.99515E+12
2769,51,MR PENY S.GAMBIR BSR,9075,PCS  ,8.99515E+12
277,19,SQ WHITE 68 GR,8263.75,PCS  ,8.991E+12
2774,51,MR PENYEGAR KETIMUN 150,8800,PCS  ,8.99515E+12
2775,131,MR PENYEGAR MAWAR150,9075,PCS  ,8.99515E+12
2777,51,MR. FOUNDATION WHITE B 30,8300,PCS  ,8.99515E+12
2780,51,MR. ALAS BEDAK TK KT,5500,PCS  ,8.99515E+12
2784,51,PUTERI SHAKE COL SOOTHING,12478.75,PCS  ,8.99515E+12
2786,51,PUTERI SHAKE COL ENERGIZI,12478.75,PCS  ,8.99515E+12
2787,51,PUTERI SHAKE COL REFRESH 100,11343.75,PCS  ,8.99515E+12
2788,51,PUTERI SHAKE COL RELAXING,12478.75,PCS  ,8.99515E+12
2789,51,MR. PELEMBAB BENGKOANG 35,7941.25,PCS  ,8.99515E+12
2790,51,MR. PELEMBAB PLUS 40 NCK,6900,PCS  ,8.99515E+12
2791,51,MR. PELEMBAB PLUS 40 BM,6900,PCS  ,8.99515E+12
2794,51,MR HBL MANGIRPUTIH/KUNING175,9178.75,PCS  ,8.99515E+12
2795,40,FRES COLOG GEL 100 BLUE,6250,PCS  ,8.99887E+12
2796,40,FRES COLOG GEL PINK 100,6250,PCS  ,8.99887E+12
2798,131,NIVEA 2IN1 MILK&TONER 200,26098.75,PCS  ,8.99978E+12
2802,33,OVALE WHITE 60,4410,PCS  ,8.99342E+12
2804,175,SHOWER TALK 100 BLOSSOM,5810,PCS  ,8.85001E+12
2807,131,NIVEA CLEAN MILK 200 ML,18961.25,PCS  ,8.99978E+12
2808,131,NIVEA CLEANMILK 50 ML,4792.5,PCS  ,8.99978E+12
2809,131,NIVEA BD FRESH M LOT 50,3726.25,PCS  ,8.99978E+12
2811,131,MR PEELING MUNDISARI 60,10500,PCS  ,8.99515E+12
2815,31,OVALE ANTI ACNE 100,6875,PCS  ,8.99342E+12
2817,131,NIVEA F.TONIC 50 ML,4601.25,PCS  ,8.99978E+12
2818,131,NIVEA FACE TONIC 200 ML,18961.25,PCS  ,2
2825,131,NIVEA INT MOIST LOT 50ML,3513.75,PCS  ,8.99978E+12
2826,131,NIVEA MOIST FLUID WHITE,26631.25,PCS  ,8.99978E+12
2827,131,NIVEA MOIST OIL FREE 50 M,18727.5,PCS  ,8.99978E+12
2831,131,NIVEA NIGHT REPAIR 50,37281.25,PCS  ,8.99978E+12
2834,A0105     ,CUTTER VANCO V-900,6016.25,PCS  ,7.78197E+12
2842,31,OVALE WHITE 100,6875,PCS  ,8.99342E+12
2843,131,NIVEA WHITE B LOT 50ML,4403.75,PCS  ,8.99978E+12
2844,199,NIVEA WHITE BODY LOT 100M,9482.5,PCS  ,8.99978E+12
2846,19,OIL OF OLAY MOIST CRM.50,42570,PCS  ,4.71026E+12
2847,19,OLAY MOIST LOT 30,14231.25,PCS  ,4.89934E+12
2848,19,OLAY MOIST LOTION 75,35516.25,PCS  ,9.30062E+12
2849,19,OIL OF OLAY UVNL CRM 50GR,51572.5,PCS  ,4.90243E+12
2850,19,OLAY UVNL LOT 30ML,17665,PCS  ,4.90243E+12
2851,19,OLAY UVNL LOT 75ML,42230,PCS  ,4.90243E+12
2852,19,OLAY WR INTENSIVE CRM 50,57296.25,PCS  ,4.90243E+12
2853,19,OLAY WHT RADIANCE LOT 75,46591.25,PCS  ,4.90243E+12
2854,A0105     ,FORTE NOTA NCR 3 PLY K,8750,PCS  ,8.99479E+12
2857,33,OVALE FL APPLE 100ML,6737.5,PCS  ,8.99342E+12
2859,33,OVALE FL AVOCADO 100ML,6875,PCS  ,8.99342E+12
2860,40,OVALE FL AVOCADO 200ML,10937.5,PCS  ,8.99342E+12
2861,33,OVALE FL CUCUBER 100ML,6875,PCS  ,8.99342E+12
2863,33,OVALE FL FLOWER 100ML,6737.5,PCS  ,8.99342E+12
2865,31,OVALE FL LEMON 100ML,6875,PCS  ,8.99342E+12
2867,31,MASTER SPRAY AMBER 100,10000,PCS  ,8.99342E+12
2868,31,OVALE ANTI KUSAM 100,7500,PCS  ,2868
2871,31,MASTER SPRAY GREEN F 100,10000,PCS  ,8.99342E+12
2872,19,OLAY TE NORMAL/COOLING 50G,102093.75,PCS  ,4.90243E+12
2873,31,OVALE PAPAYA 100,6875,PCS  ,8.99342E+12
2874,19,OLAY WR NIGHT 50,71651.25,PCS  ,4.90243E+12
2875,19,OLAY TE MERL GENTLE 50GR,102093.75,PCS  ,4.90243E+12
2876,33,OVALE MASKULIN AA 75ML,6562.5,PCS  ,8.99342E+12
2878,33,OVALE MASKULIN AHA 75ML,6562.5,PCS  ,8.99342E+12
2880,33,OVALE MASKULIN CLC 75ML,6562.5,PCS  ,8.99342E+12
2886,175,C&C DP CLEANSER 50 ALL,10278.75,PCS  ,8.99222E+12
2887,16,BUMIFOOD BAKSO IKAN 50,19606.25,PCS  ,8.9927E+12
2892,203,VENUS REFIL NO 3,15000,PCS  ,8.99222E+12
2901,31,NYAM NYAM COLEK WFR CKT22,978.75,PCS  ,8.88602E+12
2903,175,WELCO SELAI KACANG 275,3281.25,PCS  ,8.99302E+12
2908,31,MAYBELLINE PWD BASIC HLN10,5625,PCS  ,6.92349E+12
2909,A0044     ,MANISAN JELLY MANNA,1555,PCS  ,2909
2910,175,CLEAN & CLEAR BDK R.LIGHT,23042.5,PCS  ,8.85001E+12
2911,175,JOHNSON B PWD BEDTIME100,3312.5,PCS  ,8.99111E+12
2912,175,JOHNSON B PWD BEDTIME 50,3312.5,PCS  ,8.99111E+12
2920,A0107     ,NUTRIJELL ORANGE 15 GR,2667.5,BOX  ,8.99293E+12
2921,A0107     ,NUTRIJELL STRAW 15 GR,2667.5,BOX  ,8.99293E+12
2922,A0107     ,NUTRIJELL LECY 15 GR,2667.5,BOX  ,8.99293E+12
2923,A0107     ,NUTRIJELL MELON 15 GR,2667.5,BOX  ,8.99293E+12
2924,A0107     ,NUTRIJELL PLAIN 15 GR,2667.5,BOX  ,8.99293E+12
2925,131,JELYGAR ANGGUR,2083.75,PCS  ,8.99402E+12
2928,A0107     ,NUTRIJELL ANGGUR 15 GR,2667.5,BOX  ,8.99293E+12
2930,112,CARVIL SOULMATE C,508.75,PCS  ,2930
2931,4,SEPATU KITANO MH/VICTOR C03,586.25,PCS  ,2931
2937,131,NIVEA WHT TONER 200,21257.5,PCS  ,8.99978E+12
294,2,NS SUPERO CRACKER 90,1875,DOS  ,8.88817E+12
2944,158,STIKO FGR FRUITY FUSION75,3865,PCS  ,8.88602E+12
2945,158,ASTRA COKLAT 275,9476.25,PCS  ,8.88602E+12
2947,175,WELCO PASTA COKLAT 300,3281.25,PCS  ,8.99302E+12
2949,19,VICKS FORMULA DEWASA 30,5506.25,PCS  ,4.98718E+12
295,31,TESSA TP-22 INTERFLOD 250,521.25,PCS  ,8.99293E+12
2950,19,VICKS FORMULA 44 54ML,10890,PCS  ,4.98718E+12
2951,19,VICKS FORMULA ANAK 44 27ML,5507.5,PCS  ,4.98718E+12
2952,19,VICKS FORMULA ANAK OR/ST54,10890,PCS  ,4.98718E+12
2953,19,VICKS FORMULA ANTITUSIF30,5507.5,PCS  ,4.98718E+12
2954,19,VICKS FORMULA 44DT 54,10890,PCS  ,4.98718E+12
2959,199,S&F VIOLET REF 800,8000,PCS  ,8.99278E+12
2961,131,NIVEA ANTI AGEING Q10DAY,39945,PCS  ,8.99978E+12
2962,131,NIVEA ANTI AGEING Q10NIGH,39945,PCS  ,8.99978E+12
2963,131,NIVEA WHITE TONER 125,14135,PCS  ,8.99978E+12
2964,83,GATSBY S COL DEEP OCEAN 75,5613.75,PCS  ,8.99222E+12
2965,83,GATSBY S COL WF/WOODY 75,5615,PCS  ,8.99222E+12
297,A0044     ,HOT SEBLAK MANNA,12745,PCS  ,297
2971,176,GARUDA KCG KULIT 200,8566.25,PACK ,8.99278E+12
2974,170,GARUDA KCG RS KEJU 100,3687.5,PCS  ,8.99278E+12
2975,176,GARUDA KCG TELOR 230,7373.75,PACK ,8.99278E+12
2976,158,VENESIA KLG 400,20068.75,PCS  ,8.88602E+12
2977,A0002     ,TURBO JAGUNG KARAMEL 75,2203.75,PCS  ,8.99317E+12
2978,A0002     ,TURBO JAGUNG AYAM BAWANG 75,2203.75,PCS  ,8.99317E+12
2979,83,GATSBY SC GS/FOUGERE 75,5615,PCS  ,8.99222E+12
2980,83,GATSBY S COL BM/OZONE 75,5728.75,PCS  ,8.99222E+12
2981,83,GATSBY SC ND/SPICY 75,5615,PCS  ,8.99222E+12
2989,16,BUMIFOOD BAKSO AYAM 25,11125,PCS  ,8.9927E+12
299,A0013     ,TARO NET SEAWEED 12,950,DOS  ,9E+12
2992,4,LAURIER SC MAXI WING 20 P,4486.25,PCS  ,8.99273E+12
2996,69,COCA COLA 250,2965,PCS  ,8.99276E+12
2998,69,FANTA STRAWBERY 250,2965,DOS  ,8.99276E+12
2999,40,ALE ALE CUP 200,2965,PCS  ,8.99887E+12
300,176,GARUDA PILUS PEDAS 95,1830,PACK ,8.99278E+12
3005,131,SWEETY SAFE&SOFT XL32,707.5,PCS  ,8.99296E+12
3006,A0098     ,WRD SEAWEED BALANCING FW 60,765,PCS  ,8.99314E+12
301,102,BELVITA SANDWICH 19,521.25,PCS  ,8.99276E+12
3011,16,FINNA KETAN PUTIH 500,8937.5,PCS  ,11747234078
3012,16,FINNA KETAN HITAM  500,8937.5,PCS  ,11747234092
3016,31,RESIK-V MAWAR 90,5000,PCS  ,8.99342E+12
3017,158,VENESIA KLG 900,36528.75,PCS  ,8.99222E+12
302,89,VIVA WHTE CLEAN MASK CLEAN50,3773.75,PCS  ,8.9928E+12
3021,31,MIC MAC SAND CHICKEN 147,4000,PCS  ,8.88602E+12
3023,31,MIC MAC ORIGINAL CRACK 67,1593.75,PCS  ,8.88602E+12
3025,131,SOFTEX COMFORT SLIM 20,8458.75,PCS  ,8.99296E+12
303,A0012     ,PIATOS SAPI PGG 85,1087.5,PCS  ,8.9962E+12
3032,23,KARA NT LYCHEE 1000,7548.75,PCS  ,8.99313E+12
3033,40,SEDAP MIE AYAM BAWANG,1022.5,DOS  ,8.99887E+12
3034,40,SEDAP MIE SOTO,1022.5,DOS  ,8.99887E+12
3035,172,SIMBA TUFFIS 170,9445,PCS  ,8.99317E+12
3036,31,RESIK-V KENANGA 90,5000,PCS  ,8.99342E+12
3037,31,RESIK-V ANGGREK 90,5000,PCS  ,8.99342E+12
3039,43,BIRDY SUSU,1968.75,PCS  ,8.99222E+12
3040,43,BIRDY KOPI,1968.75,PCS  ,8.99222E+12
